{
  "L1": {
    "displacements": {
      "N1": [
        -2.582544417419767e-22,
        -1.9663320129299807e-22,
        3.5074265547678985e-22,
        6.836406818707054e-22,
        -1.3153815929636373e-22,
        -2.7750991849838752e-22
      ],
      "N2": [
        0.052058939071925894,
        -0.1949957951339269,
        4.30586894903052e-05,
        0.061357346704188576,
        0.012057177756848494,
        0.11644265548963781
      ],
      "N3": [
        0.05203436097201729,
        0.1466867618994772,
        -8.446973243509048e-05,
        -0.024760172076589215,
        -0.0023024481260894257,
        0.044212073255620044
      ],
      "N4": [
        1.6024921140410712e-22,
        9.531289205572812e-23,
        -5.507426554767899e-22,
        -4.747228701879729e-22,
        1.2550814022542093e-22,
        9.454582197462018e-25
      ]
    },
    "reactions": {
      "N1": [
        2582.5444174197687,
        1966.332012929982,
        -3507.4265547678992,
        -6836.406818707054,
        1315.3815929636403,
        2775.0991849838756
      ],
      "N4": [
        -1602.4921140410693,
        -953.1289205572825,
        5507.426554767899,
        4747.2287018797315,
        -1255.0814022542036,
        -9.45458219746202
      ]
    },
    "extreme_forces": {
      "B1": [
        3507.4265547678992,
        800.937666808855,
        -3145.5517968881195,
        2775.0991849838756,
        3882.0120915502066,
        -5778.9851225825,
        2507.4265547678992,
        -1199.062333191145,
        -145.55179688811904,
        -1224.9008150161244,
        3654.2531071096114,
        -2774.296788538225
      ],
      "B2": [
        -1602.4921140410006,
        953.1289205572824,
        492.5734452321003,
        18.415900906679255,
        7279.753605888354,
        -4775.099184983877,
        -1602.4921140410006,
        953.1289205572824,
        -5507.4265547679,
        18.415900906679255,
        -6757.379167951145,
        -9.45458219745877
      ],
      "B3": [
        -5507.426554767899,
        1626.6799153047816,
        911.2344198451545,
        -9.45458219746202,
        -5842.8540719961,
        -3394.638221994335,
        -5507.426554767899,
        1626.6799153047816,
        911.2344198451545,
        -9.45458219746202,
        -1286.68197277033,
        4738.761354529573
      ]
    }
  }
}