{
  "L1": {
    "displacements": {
      "N1": [
        -4.286008953134046e-22,
        1.2495162305707764e-22,
        0.0,
        0.0,
        0.0,
        1e-21
      ],
      "N2": [
        0.5797152539816652,
        167.24271797189104,
        1.0716832028737167,
        -33.3026189127006,
        0.1771913166745421,
        31.798559879136743
      ],
      "N3": [
        0.5796885203599504,
        0.9602437438050379,
        -3.06748466257668e-05,
        -0.33966764365607094,
        0.20312032930750928,
        -33.18507273959538
      ],
      "N4": [
        1.7430321358035627e-22,
        1.419300090866205e-22,
        -1.9999999999999963e-22,
        -1.4145501084594418e-21,
        1.2215160679017843e-21,
        -7.096500454327325e-22
      ]
    },
    "reactions": {
      "N1": [
        4286.008953134233,
        -1249.516230570608,
        0.0,
        0.0,
        0.0,
        -10000.0
      ],
      "N4": [
        -1743.032135803558,
        -1419.3000908662043,
        1999.9999999999952,
        14145.50108459442,
        -12215.160679017812,
        7096.500454327326
      ]
    },
    "extreme_forces": {
      "B1": [
        -0.0,
        -2824.862869681113,
        -3457.067156464157,
        -10000.0,
        0.0,
        -0.0,
        -1000.0,
        -824.8628696811124,
        -457.0671564641569,
        -6000.0,
        -285.3357823200449,
        -12124.314348401966
      ],
      "B2": [
        -1743.0321357995272,
        1419.3000908662798,
        4000.000000000009,
        -7049.000630263383,
        0.0,
        -0.0,
        -1743.0321357995272,
        1419.3000908662798,
        -1999.9999999999911,
        -7049.000630263383,
        3500.0000000000437,
        7096.500454327557
      ],
      "B3": [
        -1999.9999999999952,
        2100.666002185474,
        799.8600637854266,
        7096.500454327326,
        -493.4114018861155,
        7854.613617100655,
        -1999.9999999999952,
        2100.666002185474,
        799.8600637854266,
        7096.500454327326,
        3505.8889170409875,
        18357.943628028006
      ]
    }
  }
}